{
  "controller/Object.controller.js": 1650861767172,
  "controller/Worklist.controller.js": 1650861767177,
  "utils/locate-reuse-libs.js": 1650861767144,
  "model/models.js": 1650861767150,
  "model/formatter.js": 1650861767181,
  "manifest.json": 1650969306158,
  "i18n/i18n.properties": 1650861767138,
  "controller/NotFound.controller.js": 1650861767163,
  "controller/ErrorHandler.js": 1650861767159,
  "controller/BaseController.js": 1650861767154,
  "controller/App.controller.js": 1650861767154,
  "Component.js": 1650861767116,
  "manifest-bundle.zip": 1650969306193,
  "Component-preload.js": 1650969306896,
  "controller/NotFound-dbg.controller.js": 1650861767163,
  "model/models-dbg.js": 1650861767150,
  "model/formatter-dbg.js": 1650861767181,
  "controller/Worklist-dbg.controller.js": 1650861767177,
  "controller/Object-dbg.controller.js": 1650861767172,
  "utils/locate-reuse-libs-dbg.js": 1650861767144,
  "controller/ErrorHandler-dbg.js": 1650861767159,
  "controller/BaseController-dbg.js": 1650861767154,
  "controller/App-dbg.controller.js": 1650861767154,
  "Component-dbg.js": 1650861767116,
  "view/Worklist.view.xml": 1650862067668,
  "view/ObjectNotFound.view.xml": 1650861767198,
  "view/Object.view.xml": 1650862128631,
  "view/NotFound.view.xml": 1650861767190,
  "view/App.view.xml": 1650861767190,
  "index.html": 1650861767116
}